category,sec,week,latitude,longitude,lux,accelx,accely,accelz,gyroX,gyroY,gyroZ,decibel,peak,mag1,mag2,mag3,mag4,mag5,mag6,mag7,mag8,mag9,mag0,bssidcnt,rssisum,idx1,idx2,idx3,idx4,idx5,idx6,idx7,idx8,idx9,idx0,rssi1,rssi2,rssi3,rssi4,rssi5,rssi6,rssi7,rssi8,rssi9,rssi0,inclass
exercise,59475,7,35.57468689,129.18758417,2348.0,-3.0340521,3.9163153,10.753557,-0.51199234,-0.7123951,0.748614,56.1450502520877,1533.0,46000.64715958728,37188.727210983256,10557.03251555412,6112.324554292215,3362.5613775986167,2890.18270172377,1836.1335329333565,1596.7537786184118,1064.4815543623342,1625.6970116232276,0,0,0,0,0,0,0,0,0,0,0,0,0,0,0,0,0,0,0,0,0,0,0
exercise,59480,7,35.57399884,129.18778755,1896.0,-3.7960067,3.2680852,11.492766,-1.3202611,-0.15526217,1.3791169,55.818352680314376,2123.0,138613.49714057468,60074.50569236316,22790.101996344896,10357.290634887317,7318.325472800091,4958.633006352861,3427.987401853573,2109.0142629180286,1885.499313580852,1490.5097697223157,41,-567,0,1,2,3,4,5,6,7,8,9,-43,-45,-45,-46,-62,-65,-65,-65,-65,-66,0
exercise,59485,7,35.57388411,129.18769948,3295.0,4.361637,2.835932,3.2980127,1.1580747,-1.1390332,-0.035686333,58.24750653234031,2127.0,241379.0229447406,98539.09216225328,21581.513016078068,9219.280309100206,6587.794023819719,4306.834787660622,2901.947124204421,2182.119805463304,1442.663736330274,1292.969455355454,41,-567,0,1,2,3,4,5,6,7,8,9,-43,-45,-45,-46,-62,-65,-65,-65,-65,-66,0
exercise,59490,7,35.57375466,129.18765095,3694.0,-2.0895395,7.0527196,13.7086,-0.40013966,-0.88576674,-0.3522028,60.9399573583114,2464.0,296642.29751945334,83868.11176827617,30813.352083752405,8487.365273982501,3624.302183516751,2318.329769427002,1673.4699848496994,1222.5829750352352,1163.7473297505749,1884.9754619978207,44,-531,17,15,9,16,11,12,10,13,14,18,-52,-52,-52,-52,-52,-52,-52,-53,-55,-59,0
exercise,59495,7,35.5736105,129.18759718,1565.0,-3.448249,2.3026235,-1.1821371,1.5010896,-0.10319742,0.8468846,53.88602567956517,1070.0,71761.61567983215,16395.9415049936,11442.129488416798,5591.556235841341,4378.518628490668,2499.183820977262,2251.306325362373,1476.09386219176,1506.1288464954714,2086.2046015511864,44,-531,17,15,9,16,11,12,10,13,14,18,-52,-52,-52,-52,-52,-52,-52,-53,-55,-59,0
exercise,59500,7,35.57349303,129.18750191,329.0,-11.946468,3.6445735,1.7663223,-2.3431804,1.8726003,-3.2519836,57.91273059543242,2281.0,229214.1313386187,61206.23144195196,11952.376243218485,6455.801342372758,2572.055247538652,2600.983782602895,2470.513426512435,1418.6196914263537,1569.8512832077884,2374.004225870613,44,-531,17,15,9,16,11,12,10,13,14,18,-52,-52,-52,-52,-52,-52,-52,-53,-55,-59,0
exercise,59505,7,35.57332438,129.18743936,323.0,-15.307328,15.10023,-4.8620253,-2.1889837,-0.6267745,-1.4191974,62.68833962742767,4083.0,721030.9027187777,99169.7237387365,31316.69806526528,19350.24873075956,13235.9707629049,8926.312513868508,6540.769074013867,4699.590141051857,3445.452952708812,3328.478725115816,44,-531,17,15,9,16,11,12,10,13,14,18,-52,-52,-52,-52,-52,-52,-52,-53,-55,-59,0
exercise,59510,7,35.57332438,129.18743936,495.0,-3.942053,14.659697,0.22685061,2.719618,-0.31025803,1.3864406,58.44397921025826,3019.0,287478.0815728854,154699.77372450472,22177.957087550443,11287.814028168084,7522.345173550458,5928.3187875702,3928.488349519958,2803.5488612012487,2278.786075060544,2209.7153558538675,44,-531,17,15,9,16,11,12,10,13,14,18,-52,-52,-52,-52,-52,-52,-52,-53,-55,-59,0
exercise,59515,7,35.57307323,129.18736502,3126.0,-6.673837,1.8740613,-3.5631707,-2.631068,0.19294588,2.6379921,58.84416725003759,2565.0,95772.71085056612,44479.33402643122,14877.91241326867,9177.215905859362,8583.075366556057,4834.138407826909,4680.774475818343,3433.875138710059,2223.994093045161,3188.6012721322545,44,-531,17,15,9,16,11,12,10,13,14,18,-52,-52,-52,-52,-52,-52,-52,-53,-55,-59,0
exercise,59520,7,35.57294915,129.18732602,3314.0,1.6472107,2.0488381,6.1117983,-0.20572904,0.13235901,-0.5392897,55.27296364666129,2290.0,75094.65802237934,25299.44195478553,12928.674925377658,7604.938014053511,5612.540821098294,6091.767694530682,2997.1625353714085,2472.0895024015026,2174.554395934714,5261.483483960984,44,-531,17,15,9,16,11,12,10,13,14,18,-52,-52,-52,-52,-52,-52,-52,-53,-55,-59,0
exercise,59525,7,35.57284608,129.18731887,1959.0,-3.7223852,4.883573,8.511387,0.43902177,-0.2486059,-0.5295692,59.52601877577842,5535.0,264597.2597130234,68923.99915995341,48801.68691175465,25238.469973090458,28754.514436764177,33503.96149205256,21993.94923317386,22266.977501678008,8081.477045695605,3263.5872560084727,44,-531,17,15,9,16,11,12,10,13,14,18,-52,-52,-52,-52,-52,-52,-52,-53,-55,-59,0
exercise,59531,7,35.57271883,129.18726624,3805.0,-0.88286185,4.355053,9.439739,-1.4518212,0.7632614,-0.06910898,55.32860882760359,1616.0,166959.96092045266,49064.230294470544,27801.158357011765,10451.430735755366,9103.02946038365,6505.24964052058,4863.290108245822,4038.432863048038,2678.351204508493,2873.175239442715,44,-531,17,15,9,16,11,12,10,13,14,18,-52,-52,-52,-52,-52,-52,-52,-53,-55,-59,0
exercise,59536,7,35.5725969,129.18720263,3631.0,1.5113398,4.042011,7.8248496,-0.044607915,-0.3553986,-0.09867004,69.89394547987513,5172.0,426647.8341652503,176002.059013282,73994.96005025579,43143.12880115516,28992.553451697884,20763.2682178182,14701.831404496064,10923.797082005129,8217.956766435507,6602.851437961589,44,-531,17,15,9,16,11,12,10,13,14,18,-52,-52,-52,-52,-52,-52,-52,-53,-55,-59,0
exercise,59541,7,35.57248786,129.1871545,3749.0,1.9063832,7.307702,6.5684924,-2.8168235,3.5665026,-0.07643267,73.69259640121383,11571.0,50997.43423462205,16388.099806698086,20955.64848430794,12636.62719470066,9755.811910602988,2245.467123902838,1775.6696615298508,1491.9599279507086,1263.7583780730529,1933.3262296342275,44,-531,17,15,9,16,11,12,10,13,14,18,-52,-52,-52,-52,-52,-52,-52,-53,-55,-59,0
exercise,59546,7,35.57238151,129.18710637,3633.0,-3.466804,6.2392898,2.5809495,0.5351618,-0.11331742,0.3585944,80.55596786716956,17397.0,345793.1929642205,77348.32919907472,15373.275723074124,9571.730681313546,6478.569103777252,4565.752033910176,3403.921396561155,2672.5682335595147,2107.8935470296656,2165.446782490609,44,-531,17,15,9,16,11,12,10,13,14,18,-52,-52,-52,-52,-52,-52,-52,-53,-55,-59,0
exercise,59551,7,35.57227819,129.18704524,432.0,3.0023289,12.905346,1.7160441,0.92451566,1.622796,-1.7849824,65.77507839193082,4460.0,211884.36530461584,190988.48921627676,69672.46921097599,40514.57425780062,27829.692796673928,19989.252752887354,13930.94803852616,10207.96370085414,7520.943797678757,5770.871939657787,44,-531,17,15,9,16,11,12,10,13,14,18,-52,-52,-52,-52,-52,-52,-52,-53,-55,-59,0
exercise,59556,7,35.57213988,129.18697193,743.0,2.6222494,9.085996,-0.75477207,3.1989868,1.7604814,-1.4755234,66.4595099377427,10353.0,1504905.6545522667,459687.5555397653,176895.53825302806,53930.37632190387,34930.79233187902,22640.908180776576,16796.00474797621,12082.403415164155,8916.04768361281,7172.035506341038,44,-531,17,15,9,16,11,12,10,13,14,18,-52,-52,-52,-52,-52,-52,-52,-53,-55,-59,0
exercise,59561,7,35.57200467,129.18692298,551.0,-6.2339025,2.1817162,1.1372458,-0.6874945,-0.9089362,2.1607542,49.28709137589634,919.0,91559.44819033178,32285.098472330115,21821.700626449645,5021.562648070249,3134.6211124749702,2359.559663643339,1762.1213647024847,1392.0380617956966,1113.8274131380572,1795.82905524577,44,-531,17,15,9,16,11,12,10,13,14,18,-52,-52,-52,-52,-52,-52,-52,-53,-55,-59,0
exercise,59566,7,35.57185366,129.18688739,304.0,-10.761338,-3.5434184,2.019509,-1.7891103,0.48948863,-2.7217486,56.23211337596865,2565.0,46654.18494630429,86931.33882351193,24301.39618998376,6763.976241314081,5835.267342937702,3630.828884608105,2880.5720161756194,2161.0087869421923,1565.4562368158724,1924.2296921550687,44,-531,17,15,9,16,11,12,10,13,14,18,-52,-52,-52,-52,-52,-52,-52,-53,-55,-59,0
exercise,59571,7,35.5716981,129.1868657,931.0,1.435324,7.4226236,4.3526587,0.32610384,0.59934396,1.3279843,54.360328144962594,1549.0,129620.33926737832,114843.60286050336,25600.95563008595,11493.823981866317,6576.029557841968,5153.642636697722,3702.762313884074,2773.9827899073694,2392.898852700594,2596.1264267875163,44,-531,17,15,9,16,11,12,10,13,14,18,-52,-52,-52,-52,-52,-52,-52,-53,-55,-59,0
exercise,59576,7,35.5716981,129.1868657,2608.0,-16.28536,8.253412,-1.7166426,1.4088112,0.28895277,2.0875173,58.616194656889874,1804.0,55990.08817298764,62703.07557990679,19945.571717565166,9723.790890004157,5024.960246416206,2798.1944807524337,3628.9192421507737,2251.9708078831795,1636.8947823968042,2093.743943236744,44,-531,17,15,9,16,11,12,10,13,14,18,-52,-52,-52,-52,-52,-52,-52,-53,-55,-59,0
exercise,59581,7,35.57147534,129.18687094,356.0,-11.195287,2.4863784,-0.83856916,-0.7153245,1.6347802,-3.1563761,57.21653513612476,3936.0,96676.87851046777,78116.40059508113,27011.009992029238,39427.487068840055,33408.74990003833,39606.64005956772,41329.57398452187,31233.027120356302,10850.802396348805,10567.521444615108,44,-531,17,15,9,16,11,12,10,13,14,18,-52,-52,-52,-52,-52,-52,-52,-53,-55,-59,0
exercise,59586,7,35.57133543,129.18692272,2316.0,1.5999253,3.304597,6.8103065,0.1548627,0.75327456,0.38482648,57.83243817627281,2230.0,79080.53633977656,103686.39748751454,32256.962987900464,15933.239544419012,12722.839800332831,10541.484099379311,8831.401427393974,9101.246113915216,7501.440064078669,3632.316175649838,44,-531,17,15,9,16,11,12,10,13,14,18,-52,-52,-52,-52,-52,-52,-52,-53,-55,-59,0
exercise,59591,7,35.57122541,129.18700429,960.0,4.9135003,12.269087,8.814852,-0.92025465,-3.3992562,1.0976211,50.67555293576123,1027.0,58402.29248678045,35126.72146016444,40610.50873238695,8953.669387713458,6721.660597162748,3463.1885631253635,4248.654895921924,2610.5384532560474,2625.8047716069973,2758.641893624311,44,-531,17,15,9,16,11,12,10,13,14,18,-52,-52,-52,-52,-52,-52,-52,-53,-55,-59,0
exercise,59596,7,35.5711279,129.18707277,344.0,-0.94810385,13.351266,6.1046157,-1.5329144,0.023968432,-2.2788653,64.76748745937711,5148.0,385700.52224164736,43064.343374459946,26564.96901478023,9859.569394486363,7868.703745247549,11716.963237413673,4657.814801166201,4698.377242367864,4384.577691582177,6653.452516833072,44,-531,17,15,9,16,11,12,10,13,14,18,-52,-52,-52,-52,-52,-52,-52,-53,-55,-59,0
exercise,59601,7,35.57104654,129.18717401,1708.0,-5.559336,2.7766755,-0.1921347,-0.11704584,1.0346373,-1.177782,70.3561358431007,9106.0,258288.8186643964,222360.55012021703,62126.9909618979,16613.38230646436,12213.68696092972,8556.396072113655,5402.123642900888,4182.48697622061,2919.739843463228,2643.921251752287,44,-531,17,15,9,16,11,12,10,13,14,18,-52,-52,-52,-52,-52,-52,-52,-53,-55,-59,0
exercise,59606,7,35.57099641,129.18733715,1434.0,-8.996812,10.490793,8.9998045,0.44607913,1.7897761,0.7728488,70.54414772821573,10540.0,442453.2687252064,226317.3574808299,91579.249488954,51399.562772197365,33293.510257384674,28237.764956739968,17693.71083527996,13389.75358585998,10062.969566434453,8428.415693740675,30,-794,19,20,21,22,23,24,25,26,27,28,-76,-78,-78,-78,-78,-78,-82,-82,-82,-82,0
exercise,59611,7,35.57097433,129.18750234,1056.0,1.1408371,4.1772833,5.8681884,0.44714442,2.6367939,-0.63050294,77.10124113017807,17677.0,94728.91347845992,37912.15913929224,28842.546070009248,9770.096884147672,7308.652745645196,8960.967491239971,4071.68664327085,3423.0490931433296,1749.985864286256,2439.649487288857,30,-794,19,20,21,22,23,24,25,26,27,28,-76,-78,-78,-78,-78,-78,-82,-82,-82,-82,0
exercise,59616,7,35.57097745,129.18762586,1130.0,1.1408371,4.1772833,5.8681884,-2.0234683,-3.0441241,1.1032137,51.9479039507108,1456.0,52585.38654890504,43140.56908135368,21118.98855946692,8843.338966491237,6804.299242581413,7402.461495631722,3480.964246760599,2758.58892910896,2389.304350414396,2231.3993047355384,30,-794,19,20,21,22,23,24,25,26,27,28,-76,-78,-78,-78,-78,-78,-82,-82,-82,-82,0
exercise,59621,7,35.57097376,129.18775801,835.0,-1.8722657,12.214619,8.511986,-0.25672853,-0.9552752,-0.49042076,67.38675251188559,6727.0,732131.931384621,176651.17086043363,51532.67268981093,34328.13760373434,27645.03007980263,17620.596894572776,4851.858042495028,2833.086921808311,2800.0678331213294,3302.962163843554,30,-794,19,20,21,22,23,24,25,26,27,28,-76,-78,-78,-78,-78,-78,-82,-82,-82,-82,0
exercise,59626,7,35.57094293,129.18790972,759.0,-2.4558525,6.0956373,-1.4532804,1.1572758,0.33941963,-1.7234634,65.6122101087795,5697.0,624197.225447527,214011.41485545947,51454.923336680666,30923.92342993722,20541.257463712464,41734.256521283765,14083.976921329484,7979.679242860191,5543.821228434792,3810.5405673169216,30,-794,19,20,21,22,23,24,25,26,27,28,-76,-78,-78,-78,-78,-78,-82,-82,-82,-82,0
exercise,59631,7,35.57090089,129.18805336,2368.0,-4.3664255,5.3408656,7.378331,0.6972151,0.4836297,0.3620565,59.30782835938584,2737.0,349862.7666074247,137164.1548348158,34851.32942714175,18115.867484743645,13194.988569389834,11444.554407760446,6261.7734685971545,6102.340760239289,3909.0409912649607,2755.1632342550943,30,-794,19,20,21,22,23,24,25,26,27,28,-76,-78,-78,-78,-78,-78,-82,-82,-82,-82,0
exercise,59636,7,35.57087096,129.18823042,1038.0,0.29628247,11.86686,9.551069,0.73303455,1.6929703,-0.12969585,55.71348524175369,1903.0,105969.96430566022,115693.1323709982,53691.473156676446,30063.638511694488,18010.315396154318,22934.363865008625,8806.27704367678,8819.068315822924,5829.491271478491,5871.709031536547,30,-794,19,20,21,22,23,24,25,26,27,28,-76,-78,-78,-78,-78,-78,-82,-82,-82,-82,0
exercise,59641,7,35.57087038,129.18840968,949.0,2.4708161,4.895544,4.0839095,-1.9225346,2.5017717,-0.09387636,64.00454928777877,5108.0,242286.60908277176,110799.5751001037,45429.25742594159,24419.26834859909,17284.75840790123,19653.08889155825,16203.265094122196,10335.89393218486,7057.089605287949,5606.646565117431,30,-794,19,20,21,22,23,24,25,26,27,28,-76,-78,-78,-78,-78,-78,-82,-82,-82,-82,0
exercise,59646,7,35.57089876,129.18858288,795.0,5.33069,5.480926,6.2362967,-0.3328949,-4.0713043,0.9440899,60.37604722921887,3055.0,173550.4385875643,97335.9788031034,61533.48854592044,26435.31421937607,26183.191790903697,13822.663890164617,8493.975360486413,10287.126317190196,7913.858221533955,4882.820634450904,30,-794,19,20,21,22,23,24,25,26,27,28,-76,-78,-78,-78,-78,-78,-82,-82,-82,-82,0
exercise,59651,7,35.57093242,129.18874968,1229.0,2.2535424,15.306131,8.316858,-0.9225183,0.7446193,-0.89362305,64.63373841150445,5042.0,408781.6711462402,325253.36795489554,92105.83383736068,30917.94887016002,27306.760100657662,24005.619120717773,10919.778730140722,6821.889502523631,4582.144943439096,4387.299940765645,30,-794,19,20,21,22,23,24,25,26,27,28,-76,-78,-78,-78,-78,-78,-82,-82,-82,-82,0
exercise,59656,7,35.57097516,129.18892026,319.0,-4.0156746,8.110957,0.7918822,0.5127913,0.013981585,-0.48789075,66.63527480664536,9184.0,167527.01316855103,145924.7412551004,35967.62441280532,18868.22775195705,19499.30212469799,8038.249702218806,8822.433829309706,10294.037029467505,5612.481269811644,4637.691199159215,30,-794,19,20,21,22,23,24,25,26,27,28,-76,-78,-78,-78,-78,-78,-82,-82,-82,-82,0
exercise,59662,7,35.57100889,129.18906713,1233.0,-2.1374235,12.953828,10.587758,2.792988,-1.0620679,2.3406506,56.75224693044064,4205.0,119751.26008925238,65065.33478308132,22756.834126801277,12474.832560889996,6721.478501475544,5418.7326116141285,3771.6203886778217,3146.344819049228,2043.3175161223744,4956.229149652476,30,-794,19,20,21,22,23,24,25,26,27,28,-76,-78,-78,-78,-78,-78,-82,-82,-82,-82,0
exercise,59667,7,35.57103071,129.18921004,902.0,5.1726727,3.0885203,2.9107506,-2.8559718,3.0242834,-1.2656664,58.75737151159075,1929.0,119804.98675429408,60605.758976354125,27315.5108670529,12077.75049609868,7226.949409973688,5090.582164561842,4632.540390022077,2916.6395258014204,2045.1710914323264,1928.7173847255592,30,-794,19,20,21,22,23,24,25,26,27,28,-76,-78,-78,-78,-78,-78,-82,-82,-82,-82,0
exercise,59672,7,35.57107124,129.18935889,991.0,5.1726727,3.0885203,2.9107506,-1.0652636,-3.4345431,0.57431024,54.509554318176654,1660.0,52029.49101979344,34235.44223573606,12587.28529597656,4836.615767938234,2848.2101921634944,2940.858058576938,4095.7987791613177,1817.523115137924,1998.6544215642427,3621.083672525288,30,-794,19,20,21,22,23,24,25,26,27,28,-76,-78,-78,-78,-78,-78,-82,-82,-82,-82,0
exercise,59677,7,35.57111241,129.18943982,836.0,6.6708446,15.111004,6.0489507,-1.086569,-2.9579709,2.0675435,57.34067898657309,2377.0,238880.55737613517,101776.85579133988,31701.27940661354,21009.03442252469,12765.705913676677,8533.757689577174,7131.318214610893,4405.689906999904,3939.6347395671232,3708.90477574126,30,-794,19,20,21,22,23,24,25,26,27,28,-76,-78,-78,-78,-78,-78,-82,-82,-82,-82,0
exercise,59682,7,35.57117977,129.18951856,995.0,-1.5227122,7.8865004,0.077811554,0.48163232,1.3634043,-1.4462285,61.12288456054996,4098.0,439847.2264459273,180884.33059885493,65331.49716923489,35085.365060838696,26515.711844988484,17119.154190234258,13340.363980156557,10618.110090633108,6407.199365567228,5826.7901841771,30,-794,19,20,21,22,23,24,25,26,27,28,-76,-78,-78,-78,-78,-78,-82,-82,-82,-82,0
exercise,59687,7,35.5712477,129.18961352,1265.0,4.2036195,15.235502,11.036672,2.7317355,1.497228,-0.16511586,50.96767288922638,1162.0,43612.08700681955,36304.62177989585,12067.798380129148,5821.436451801946,5380.875594090355,4541.41316099738,4882.351110830603,1811.9304272480065,2650.583299154084,3352.3958573814684,30,-794,19,20,21,22,23,24,25,26,27,28,-76,-78,-78,-78,-78,-78,-82,-82,-82,-82,0
exercise,59692,7,35.57132213,129.1897177,1005.0,4.8943467,0.9283517,1.472434,-1.0741853,2.626008,0.257128,55.83646520633926,1671.0,78591.11515495066,50379.41190549172,16173.02788209114,7506.646206430687,7580.228093949594,5622.848690041502,4268.752696428169,2654.4095303672207,2436.852629004788,3180.170568918561,30,-794,19,20,21,22,23,24,25,26,27,28,-76,-78,-78,-78,-78,-78,-82,-82,-82,-82,0
exercise,59697,7,35.57140641,129.18982639,845.0,4.95899,13.262082,7.1963716,0.075367406,-3.6330817,2.4722106,52.3247823460548,1515.0,49001.22556842472,21778.25412585557,12828.43880730754,3933.810125857655,3660.494941258866,2852.5660390819103,2689.110914436328,2433.3797352229503,1912.2134153453944,2505.5785946800884,30,-794,19,20,21,22,23,24,25,26,27,28,-76,-78,-78,-78,-78,-78,-82,-82,-82,-82,0
exercise,59702,7,35.57148232,129.1899036,856.0,4.95899,13.262082,7.1963716,-0.4032023,0.4411523,-1.0271804,55.5465769567202,2331.0,53583.04653417376,23939.42167396427,10834.519203252865,6225.68895345295,11561.43497161269,6055.952792728651,4366.902899678444,5142.079239888776,8689.291074258734,5552.980051958494,30,-794,19,20,21,22,23,24,25,26,27,28,-76,-78,-78,-78,-78,-78,-82,-82,-82,-82,0
exercise,59707,7,35.57155736,129.19020266,3236.0,-6.6510925,2.9370868,9.956886,0.34474593,1.0001494,2.115081,47.33978811350272,594.0,19860.258767316634,26887.52618343493,13824.511512191952,3372.182465294655,7738.267544576618,3872.510829671649,2326.5406011927525,1500.3541304694716,1404.8184227803883,1601.6703603790909,30,-794,19,20,21,22,23,24,25,26,27,28,-76,-78,-78,-78,-78,-78,-82,-82,-82,-82,0
exercise,59712,7,35.57171311,129.19050751,1129.0,-5.037999,15.365388,5.884948,-1.1587405,0.58269924,0.5728455,50.89572081031969,2039.0,51551.75391502556,19756.46851984696,10514.333511153056,5567.346494374994,5805.836633688826,4150.432415763276,2245.224696257092,1922.471044013681,1751.8430436307704,3637.133729268853,30,-794,19,20,21,22,23,24,25,26,27,28,-76,-78,-78,-78,-78,-78,-82,-82,-82,-82,0
exercise,59717,7,35.57171311,129.19050751,764.0,-0.51595044,11.7782755,-2.9706059,-0.23795326,0.46405548,1.1917636,50.58762840184507,1081.0,158339.56022336023,23105.87989655293,10633.765138858247,5848.645580512351,3278.4204932881785,2179.578433268488,1823.851990433556,1329.0980860217028,1146.5040517075563,1635.2900497376372,30,-794,19,20,21,22,23,24,25,26,27,28,-76,-78,-78,-78,-78,-78,-82,-82,-82,-82,0
exercise,59722,7,35.5718204,129.19065527,995.0,-14.812327,7.72968,3.1543608,2.0761988,-1.2907001,1.6604797,51.26179739895981,1760.0,98816.13159045082,64764.69718523494,29363.92986037045,39684.99880121279,18927.665378886293,17430.05680226817,7737.525542566692,4282.800907065531,2970.380754353581,2726.74678552101,84,-647,29,30,31,32,33,34,35,36,37,38,-60,-63,-64,-65,-65,-66,-66,-66,-66,-66,0
exercise,59727,7,35.5718204,129.19065527,4712.0,-5.2235494,-3.163339,-1.7286136,-0.46378917,-0.42810282,-0.3046654,50.52793496545352,898.0,41275.70351880464,21761.71197518432,9931.560540464772,4158.282081154889,5092.14932291639,4738.601715669738,2825.4991651457262,2457.5105120645967,2144.609152660228,2611.349212765458,84,-647,29,30,31,32,33,34,35,36,37,38,-60,-63,-64,-65,-65,-66,-66,-66,-66,-66,0
exercise,59732,7,35.57199618,129.19089532,4398.0,-13.3464775,10.023325,-4.441244,-3.5292184,-0.3952128,0.9596694,56.22654808682144,2045.0,148513.41880746777,186240.28335371116,25065.94336414195,7420.465751095862,4274.426713776954,2459.235014682128,1853.2351974210071,1561.5643474458932,2435.168686691993,3182.8283194086075,84,-647,29,30,31,32,33,34,35,36,37,38,-60,-63,-64,-65,-65,-66,-66,-66,-66,-66,0
exercise,59737,7,35.57211456,129.1910016,3188.0,-13.223775,11.393407,6.0687027,3.7535896,0.3386207,0.6684529,53.7531176232866,3473.0,33573.4259942017,54198.19955496302,95441.74964032452,61894.526180793066,26111.41935571462,25206.426559293544,7789.061140505237,4422.362413230593,3989.2932585827184,5153.723614018932,84,-647,29,30,31,32,33,34,35,36,37,38,-60,-63,-64,-65,-65,-66,-66,-66,-66,-66,0
exercise,59742,7,35.57211456,129.1910016,3770.0,-8.479664,-2.5474305,-0.4914099,-1.956623,-0.4909534,0.23329274,53.09227165621976,1561.0,143192.7270796531,31838.65142452017,10603.571616938045,3331.543499850417,2811.4985570055983,1577.1107503322971,1551.260925831536,1011.0064217333704,1054.859743223248,1498.1593877400658,84,-647,29,30,31,32,33,34,35,36,37,38,-60,-63,-64,-65,-65,-66,-66,-66,-66,-66,0
exercise,59747,7,35.57243436,129.19125494,603.0,-7.4351935,12.422316,-3.2369606,-2.510427,-0.008122635,1.4283854,54.04193054769713,1327.0,177739.26894811256,45692.402118815015,11370.490860695149,6898.122583119716,11291.74271061974,5219.314700044489,2222.4750848034423,1735.5784986499134,1930.0898040664608,2652.051605269396,84,-647,29,30,31,32,33,34,35,36,37,38,-60,-63,-64,-65,-65,-66,-66,-66,-66,-66,0
exercise,59752,7,35.57254143,129.19134188,307.0,-10.6715555,3.4680011,6.4631476,0.7281077,-2.0748672,-0.03648528,53.70249587072515,1563.0,166798.93547155993,37589.33172639338,23478.18863953261,10360.94058550345,10691.554086480106,6593.169820695543,4016.679716161372,3669.706527494283,1674.4658262946589,3209.5440936829154,84,-647,29,30,31,32,33,34,35,36,37,38,-60,-63,-64,-65,-65,-66,-66,-66,-66,-66,0
exercise,59757,7,35.57265145,129.19140028,222.0,-9.995792,-4.022857,1.8602947,-2.2586253,1.0410289,-1.2523506,62.407475445101696,3208.0,261082.0794171033,156462.5425130423,31932.96490472293,9870.187019962184,8901.174929677336,4915.248959071564,3954.793641494979,3031.3933929393565,2130.603063580767,1932.957593440331,84,-647,29,30,31,32,33,34,35,36,37,38,-60,-63,-64,-65,-65,-66,-66,-66,-66,-66,0
exercise,59762,7,35.57265145,129.19140028,2686.0,-16.581642,10.702681,-0.219668,-2.8438544,-1.2121369,-0.491486,56.52519371641666,1891.0,175226.20329528992,39300.67561716745,13079.77142818679,8149.643341742327,5334.946606425697,3776.99952661089,3189.923107607236,1670.5941189368311,1287.5079984326524,1572.3969901073976,84,-647,29,30,31,32,33,34,35,36,37,38,-60,-63,-64,-65,-65,-66,-66,-66,-66,-66,0
exercise,59767,7,35.57293976,129.19143407,1011.0,-16.581642,10.702681,-0.219668,2.8650265,0.14927007,1.2002858,54.78470317966967,1446.0,57876.58213650966,28632.435570818787,10779.548564506766,8479.489794462028,9636.24299664629,5027.109968484294,3066.008165404773,3779.579170474947,1928.385450252772,3264.4129828301943,84,-647,29,30,31,32,33,34,35,36,37,38,-60,-63,-64,-65,-65,-66,-66,-66,-66,-66,0
exercise,59772,7,35.57314334,129.19121192,998.0,-9.589975,-3.1489737,1.8082209,-1.7618129,0.23262694,-1.0948247,57.46138009237888,2674.0,321776.80762467894,88517.26711705346,24867.52424988962,8012.872263578752,16417.679114024726,7054.00732990625,7666.453535209163,6424.820619034345,7551.272371703853,8679.283620528578,84,-647,29,30,31,32,33,34,35,36,37,38,-60,-63,-64,-65,-65,-66,-66,-66,-66,-66,0
exercise,59777,7,35.573232,129.1910841,3338.0,1.7681179,1.8902222,6.727707,-1.2748543,1.9944398,0.08881636,59.88691765154905,2403.0,201590.16935921728,37952.51425521063,14309.126178446057,6886.2797491835445,4980.3323988793845,3924.828405976877,2981.3451741038907,6042.902097942908,7560.955775142067,3874.5641261489054,84,-647,29,30,31,32,33,34,35,36,37,38,-60,-63,-64,-65,-65,-66,-66,-66,-66,-66,0
exercise,59782,7,35.57326193,129.19094574,852.0,3.3542767,15.544953,3.4542346,-0.34887385,-0.392017,-0.5649892,58.50447871573457,2129.0,133453.83365788552,31263.13519764486,17686.70342023676,9526.216253460514,11016.991740412508,4532.007601063513,3247.1529523828667,2881.2396251547857,8600.555523310772,5983.816050767537,84,-647,29,30,31,32,33,34,35,36,37,38,-60,-63,-64,-65,-65,-66,-66,-66,-66,-66,0
exercise,59787,7,35.5732706,129.19079769,1249.0,-5.8586116,15.602414,2.3708582,1.2289147,1.3088095,-0.124769,64.53459868587034,5017.0,60831.7473575035,39873.68140463888,28612.1504031452,9750.868735003962,9428.581798734574,5651.730971425855,7089.956260787812,4491.412817586725,7423.910429035037,11766.108491645744,84,-647,29,30,31,32,33,34,35,36,37,38,-60,-63,-64,-65,-65,-66,-66,-66,-66,-66,0
exercise,59792,7,35.57327707,129.19066471,1038.0,5.6658783,1.2551602,4.867412,-2.0110846,-0.8816388,0.39388123,59.92882541838323,2482.0,23672.64750338414,16772.537325549005,17637.608075156368,12581.044136707907,12489.770658127376,5074.475398513015,4355.537799791461,2745.3158754440647,3731.284921120423,4302.581358677804,84,-647,29,30,31,32,33,34,35,36,37,38,-60,-63,-64,-65,-65,-66,-66,-66,-66,-66,0
exercise,59797,7,35.57329989,129.19048593,1083.0,-2.6791117,11.354502,3.115455,0.73303455,-0.40466702,-0.7426219,71.6830814192995,16833.0,1502601.4829196264,1087392.9653750567,526589.7222616116,169139.9175819064,167551.9215529994,101559.38069102334,40154.00430545536,18318.00657833943,12550.225271484862,9330.078578187546,84,-647,29,30,31,32,33,34,35,36,37,38,-60,-63,-64,-65,-65,-66,-66,-66,-66,-66,0
exercise,59803,7,35.57332396,129.19030915,1110.0,-2.6791117,11.354502,3.115455,1.941443,-0.16085482,0.8376967,57.464258354016586,2285.0,119085.2376661398,30703.470681404426,12298.806953387306,6867.694173471323,3453.073099648569,2869.497557128857,2521.132546341345,1442.7831325334275,3511.6752007177383,4387.695060549166,84,-647,29,30,31,32,33,34,35,36,37,38,-60,-63,-64,-65,-65,-66,-66,-66,-66,-66,0
exercise,59808,7,35.57335465,129.19013672,448.0,4.192846,-2.2936451,2.0159178,-2.408561,0.21291956,0.3841607,51.04499488798535,800.0,42918.82729999546,19045.496265232803,8126.862315511493,6532.508857417305,3747.033464748312,4419.069553933734,2258.9155281126623,2239.6606680835057,2433.446618117555,1831.9842330640545,84,-647,29,30,31,32,33,34,35,36,37,38,-60,-63,-64,-65,-65,-66,-66,-66,-66,-66,0
exercise,59813,7,35.57339922,129.19000383,1088.0,1.0755951,15.857995,7.156269,-0.74302137,-1.6650071,1.2221237,64.21321540365162,4707.0,226180.00626599963,166822.27212751447,66248.76134132144,29317.76141786352,6561.979908328548,2409.8763727654427,1842.464010797628,1105.3759780816993,1004.4194811864722,1799.0829189531664,84,-647,29,30,31,32,33,34,35,36,37,38,-60,-63,-64,-65,-65,-66,-66,-66,-66,-66,0
exercise,59818,7,35.57343056,129.18987026,997.0,-5.441422,12.644378,3.9031472,1.7307872,0.4779039,0.9695231,55.766347992166594,1467.0,116020.40759373127,115269.3150809957,12200.00936483003,4224.034847639193,2256.242468167524,1645.245999291062,1660.6057515834284,1138.38073019046,699.5168363974943,936.4150238942678,84,-647,29,30,31,32,33,34,35,36,37,38,-60,-63,-64,-65,-65,-66,-66,-66,-66,-66,0
exercise,59823,7,35.57344904,129.18979295,1386.0,14.495694,6.8839283,3.0256724,-0.89269096,-1.2672642,3.170624,53.51853366331837,1075.0,52273.18904130701,18153.01538091813,7308.418824253527,2915.582337124069,2298.034690444781,1301.8640162556064,858.42744223916,789.0277909849385,1053.1809976214795,1776.9598759707949,84,-647,29,30,31,32,33,34,35,36,37,38,-60,-63,-64,-65,-65,-66,-66,-66,-66,-66,0
exercise,59828,7,35.57350831,129.18966819,816.0,12.844294,2.9939492,2.6755204,0.9993504,0.80533934,-3.9819555,51.39694314417394,1758.0,197439.29038757127,31458.536951535767,8579.259205522794,4200.470315249662,2886.2473289863105,1546.1335020815636,1179.6103051320504,920.3093257960188,871.2649414170719,842.7876313489708,84,-647,29,30,31,32,33,34,35,36,37,38,-60,-63,-64,-65,-65,-66,-66,-66,-66,-66,0
exercise,59833,7,35.57353945,129.18958648,1178.0,12.052411,0.7410054,1.0295067,-1.2692616,-1.1058768,2.4250727,49.470092812244445,1116.0,26775.774633409743,12732.173914493958,4310.863374190343,1862.437311880132,1541.3003016745652,1030.4565178129146,1105.716613500403,846.9344051194387,1242.8615851486852,1193.9883652193598,84,-647,29,30,31,32,33,34,35,36,37,38,-60,-63,-64,-65,-65,-66,-66,-66,-66,-66,0
exercise,59838,7,35.57354084,129.18951628,925.0,9.139266,3.9875429,1.7363948,0.60786605,-0.43902177,4.6031375,54.73454251334881,1462.0,112871.17151266144,52817.47456172648,6663.795036683792,3040.5938101211423,1221.8725919239291,1241.0107057223124,1012.2692863014668,677.776541580684,601.0524080708207,797.0864886173667,84,-647,29,30,31,32,33,34,35,36,37,38,-60,-63,-64,-65,-65,-66,-66,-66,-66,-66,0
exercise,59843,7,35.5735368,129.18944971,1591.0,12.723387,8.45213,1.5652094,-0.57058185,-0.17843166,1.6024228,47.27831866243828,651.0,39045.46152392223,14483.856863666972,5277.1683787426655,2021.507722037982,1327.501505199834,1410.3979752816208,887.2439129057191,625.236977300337,695.1998860111102,1147.1947351354042,35,-660,39,40,41,42,43,44,45,46,47,48,-63,-63,-64,-64,-66,-67,-67,-67,-68,-71,0
exercise,59848,7,35.57353311,129.18935272,1606.0,12.072164,4.3879733,2.5192988,0.94488883,-0.40280282,-3.7908738,49.43386160356284,866.0,38752.36875026868,19742.581635173912,4979.473256443947,2876.261574720261,1969.7980594302887,930.4336749414113,674.2190496391909,969.9697275571348,1228.8728105439047,1478.4954882570703,27,-726,45,39,41,44,40,43,46,42,47,49,-67,-71,-71,-72,-72,-73,-73,-73,-74,-80,0
exercise,59853,7,35.57353936,129.18927656,1138.0,11.438298,1.9201498,1.7495629,1.6546208,1.9835209,-2.7841997,56.99244936698161,1929.0,175531.4577912674,52776.23647179116,9280.618827961553,2083.456303721693,1322.7622397315192,1033.7295977732676,895.9267274013775,809.3262963158461,630.3826252042554,993.56749585194,27,-726,45,39,41,44,40,43,46,42,47,49,-67,-71,-71,-72,-72,-73,-73,-73,-74,-80,0
exercise,59858,7,35.57356212,129.18918054,1300.0,10.542868,2.7419596,2.247557,-0.5422192,-0.19054903,1.6086812,52.1521140743042,1439.0,85852.44218093625,29335.019109378267,7788.520771000282,3515.766065907943,2207.254717821863,2125.7282196612127,2069.612899211369,1437.0750190750052,1962.6824242708865,5530.026174017312,27,-726,45,39,41,44,40,43,46,42,47,49,-67,-71,-71,-72,-72,-73,-73,-73,-74,-80,0
exercise,59863,7,35.57356212,129.18918054,612.0,8.104971,3.9785647,1.3108255,0.9655283,1.249288,4.5301666,44.4320615987816,504.0,63509.86145580269,8508.960646455345,7562.4339271348335,2739.1969584715084,1283.8112813927703,932.7794695812612,606.2175093907672,573.162740067313,662.8001949396287,1073.9973074333186,27,-726,45,39,41,44,40,43,46,42,47,49,-67,-71,-71,-72,-72,-73,-73,-73,-74,-80,0
exercise,59868,7,35.5735921,129.18907362,1040.0,13.059772,3.6780925,2.8113914,-0.46591967,-0.4135886,-0.6599308,44.16193179697225,466.0,31141.23378649935,9190.691913263285,2901.638284042337,1734.2215813885705,1533.85025898838,1402.6766694346795,1091.4493336523706,1247.2782871758177,1417.197302500589,2193.740424078068,27,-726,45,39,41,44,40,43,46,42,47,49,-67,-71,-71,-72,-72,-73,-73,-73,-74,-80,0
exercise,59873,7,35.5736296,129.18897499,1916.0,8.505402,3.9001546,1.7794905,0.5206476,-0.31718224,-4.8663907,50.19068340403568,1169.0,57162.3252717081,18950.107551721885,4511.459982116198,2572.436233572913,1265.2446185941124,1170.5524055093406,1086.7091623157946,784.7635156539568,1225.136595697422,2843.6383180524717,27,-726,45,39,41,44,40,43,46,42,47,49,-67,-71,-71,-72,-72,-73,-73,-73,-74,-80,0
exercise,59878,7,35.57367242,129.18888132,1010.0,10.374675,3.8720226,2.4408886,-0.8684562,-0.3407512,0.21318589,62.72103879534357,4178.0,105359.2891039513,15349.798950451668,7402.014553466708,4183.710866048907,3138.7168561192407,4095.973763224851,5177.18573680731,4430.294061024635,2985.6442874107447,3981.154591258796,27,-726,45,39,41,44,40,43,46,42,47,49,-67,-71,-71,-72,-72,-73,-73,-73,-74,-80,0
exercise,59883,7,35.57369189,129.18879529,415.0,8.365939,1.2922704,1.2252327,-0.23036326,0.5941508,3.7296212,53.697559479009165,1430.0,158780.96018250316,91566.71266840093,27760.99189063371,11997.31133507316,8360.776571147944,5680.636571333814,4668.2946249533725,2958.200921476933,2654.0683705049205,3832.076182795367,27,-726,45,39,41,44,40,43,46,42,47,49,-67,-71,-71,-72,-72,-73,-73,-73,-74,-80,0
exercise,59888,7,35.57370975,129.18870109,1428.0,13.579912,2.5240872,2.3289597,0.2460759,0.09733847,2.0439746,46.00597455589888,770.0,12129.34328134226,36849.787723531386,18108.561732057573,5197.937031164466,2426.58674632448,2979.924944791148,4332.716553501962,1849.6605509720025,2405.777957081889,3039.833690048865,27,-726,45,39,41,44,40,43,46,42,47,49,-67,-71,-71,-72,-72,-73,-73,-73,-74,-80,0
exercise,59893,7,35.57373346,129.18860724,1324.0,13.483545,2.9460652,2.0153193,0.9370325,0.11984216,-1.5040191,54.40072747852721,1426.0,38270.40358294438,19214.51753331488,8698.484567906484,10458.25769713402,3167.3973918377555,3970.035831781856,5957.465778816586,999.7738957737288,1078.4727581304426,1887.1574440846384,27,-726,45,39,41,44,40,43,46,42,47,49,-67,-71,-71,-72,-72,-73,-73,-73,-74,-80,0
exercise,59898,7,35.57375614,129.18852337,1020.0,10.301651,1.620276,2.235586,1.4872411,-0.44834283,-2.1720726,49.78871411394338,1134.0,41185.06403320895,13947.284220619138,4032.3119262814216,1945.9609441218288,1356.7066263803354,1544.8803630291716,1259.5384170345687,715.4669301663655,925.7488715945588,1464.6062311367,27,-726,45,39,41,44,40,43,46,42,47,49,-67,-71,-71,-72,-72,-73,-73,-73,-74,-80,0
exercise,59903,7,35.57378662,129.18846132,376.0,9.1255,0.48482585,1.5825673,1.684315,0.461126,-3.443731,38.534322221804274,279.0,12816.446954778456,7827.514039154656,3095.8638119765,1758.5342886185467,1461.187774848054,1438.0575967541306,1212.0560723012356,538.262606449775,630.7189578444178,1245.439735544125,27,-726,45,39,41,44,40,43,46,42,47,49,-67,-71,-71,-72,-72,-73,-73,-73,-74,-80,0
exercise,59908,7,35.57380717,129.18840586,714.0,9.718064,0.05566519,1.8357542,0.6435524,0.08149267,-2.1568925,46.96025923348106,733.0,14388.664385762462,10043.978476884564,5809.555962595706,7626.145918526988,7062.919539830905,2285.908154214786,3042.565326803588,2141.0496134571144,1138.9922949623744,1430.3449814114656,27,-726,45,39,41,44,40,43,46,42,47,49,-67,-71,-71,-72,-72,-73,-73,-73,-74,-80,0
